n,time_recursive_sec,time_iterative_sec
60,1.159999988e-05,6.499999927e-06
66,1.340000017e-05,7.500000038e-06
75,1.400000019e-05,7.800000049e-06
88,1.120000002e-05,5.500000043e-06
106,1.399999996e-05,7.400000186e-06
192,3.609999999e-05,1.539999994e-05
204,4.110000009e-05,1.680000014e-05
234,4.899999999e-05,2.100000006e-05
254,5.230000011e-05,2.449999988e-05
294,6.759999997e-05,3.130000005e-05
